{"cameraMode":{"drawMode":0,"name":"Shaded","section":"Shading Mode"},"sceneLighting":false,"audioPlay":false,"sceneViewState":{"showFog":true,"showMaterialUpdate":false,"showSkybox":false,"showFlares":true,"showImageEffects":true,"showParticleSystems":true},"in2DMode":false,"pivot":{"x":0.028265327215194703,"y":0.84002286195755,"z":0.17950236797332765},"rotation":{"x":-0.005032504443079233,"y":0.9464152455329895,"z":-0.3225855827331543,"w":-0.014767486602067948},"size":1.2189568281173707,"orthographic":true}